<?xml version="1.0" encoding="UTF-8" standalone="yes"?>
<addon id="script.primal.metadata" version="1.1.2" name="Primal Metadata" provider-name="Team AK-47">
	<requires>
		<import addon="xbmc.python" version="2.19.0"/>
	</requires>
	<extension point="xbmc.python.module" library="lib" />
	<extension point="xbmc.addon.metadata">
		<summary>Metadata for the Primal Addon</summary>
		<description>Metadata for Primal are maintained separately to make distribution of the the addon itself easier/faster.</description>
		<platform>all</platform>
	</extension>
</addon>
